{"count":1,"self":363.5593728,"total":363.696222,"children":{"AgentResetIfDone":{"count":373,"self":0.003908,"total":0.003908,"children":null},"AgentSendState":{"count":373,"self":0.006311,"total":0.00761,"children":{"CollectObservations":{"count":202,"self":0.001299,"total":0.001299,"children":null}}},"DecideAction":{"count":373,"self":0.099908,"total":0.117365,"children":{"RayPerceptionSensor.Perceive":{"count":404,"self":0.017457,"total":0.017457,"children":null}}},"AcademyStep":{"count":373,"self":0.00087099999999999992,"total":0.00087099999999999992,"children":null},"AgentAct":{"count":373,"self":0.004566,"total":0.004566,"children":null}}}